{"cameraMode":{"drawMode":0,"name":"Shaded","section":"Shading Mode"},"sceneLighting":true,"audioPlay":false,"sceneViewState":{"showFog":true,"showMaterialUpdate":false,"showSkybox":true,"showFlares":true,"showImageEffects":true,"showParticleSystems":true},"in2DMode":false,"pivot":{"x":382.83306884765627,"y":515.934814453125,"z":-5.5989990234375},"rotation":{"x":-0.052770767360925677,"y":-0.02336844801902771,"z":0.0012352317571640015,"w":-0.9983324408531189},"size":1368.5614013671875,"orthographic":false}